{
    "_id" : ObjectId("60925586470119756755e603"),
    "cardSet" : {
        "closed" : true
    },
    "slotUsedArray" : [ 
        1, 
        2, 
        3, 
        4, 
        5, 
        6, 
        7, 
        8, 
        9
    ],
    "type" : "premium",
    "gameType" : 0,
    "playersLeft" : 0,
    "amount" : 0,
    "showAmount" : true,
    "gameStarted" : false,
    "isShowAvailable" : true,
    "color" : "",
    "color_code" : "#000000",
    "tableSubType" : "public",
    "password" : "",
    "commission" : 10,
    "betRoundCompleted" : 0,
    "turnTime" : 15,
    "minChip" : 100,
    "maxChip" : 10000,
    "maxPlayers" : 5,
    "slotUsed" : 0,
    "name" : "Table 100",
    "boot" : 100,
    "maxBet" : 3,
    "potLimit" : 100000000,
    "createdAt" : ISODate("2021-05-05T08:21:26.512Z"),
    "updatedAt" : ISODate("2021-08-13T07:16:04.357Z"),
    "__v" : 0,
    "players" : {},
    "lastBet" : 100,
    "lastBlind" : true,
    "cardinfoId" : ObjectId("6113661e2795b2227a2efdb5"),
    "lastGameId" : ObjectId("6113661e2795b2227a2efd28")
}